id,pred_rep_0_fold0,pred_rep_0_fold1,pred_rep_0_fold2,pred_rep_0_fold3,pred_rep_0_fold4,pred_rep_1_fold0,pred_rep_1_fold1,pred_rep_1_fold2,pred_rep_1_fold3,pred_rep_1_fold4,pred_rep_2_fold0,pred_rep_2_fold1,pred_rep_2_fold2,pred_rep_2_fold3,pred_rep_2_fold4
c0f722661,-0.3833007812,-0.5693359375,-0.3916015625,-0.3322753906,-0.3327636719,-0.5410156250,-0.5595703125,-0.2758789062,-0.4838867188,-0.2668457031,-0.3303222656,-0.6059570312,-0.5224609375,-0.4182128906,-0.2954101562
f0953f0a5,-0.6450195312,-0.4572753906,-0.6582031250,-0.7553710938,-0.6567382812,-0.6123046875,-0.4726562500,-0.6293945312,-0.5878906250,-0.7421875000,-0.6728515625,-0.7509765625,-0.7026367188,-0.5727539062,-0.6323242188
0df072751,-0.5566406250,-0.3547363281,-0.5722656250,-0.3088378906,-0.3686523438,-0.3718261719,-0.4528808594,-0.5468750000,-0.5395507812,-0.3703613281,-0.5786132812,-0.2381591797,-0.4382324219,-0.2836914062,-0.5385742188
04caf4e0c,-2.3281250000,-2.5625000000,-2.6132812500,-2.5976562500,-2.6093750000,-2.5214843750,-2.6542968750,-2.4238281250,-2.6679687500,-2.4667968750,-2.3105468750,-2.2500000000,-2.5273437500,-2.5976562500,-2.4941406250
0e63f8bea,-1.8037109375,-1.8642578125,-1.8105468750,-1.5546875000,-1.8603515625,-1.8359375000,-1.6953125000,-1.7070312500,-1.9814453125,-1.8037109375,-1.6210937500,-1.7626953125,-1.7636718750,-1.8867187500,-1.8691406250
12537fe78,-1.1796875000,-1.3369140625,-1.3769531250,-1.2871093750,-1.2519531250,-1.4003906250,-1.3212890625,-1.4306640625,-1.3935546875,-1.3066406250,-1.2119140625,-1.1953125000,-1.3203125000,-1.3886718750,-1.2763671875
965e592c0,0.1233520508,0.0192413330,0.1750488281,-0.0993652344,0.0470275879,0.3642578125,0.3796386719,-0.0143127441,0.3200683594,-0.0854492188,0.0884399414,0.2395019531,0.1502685547,0.3908691406,-0.1201171875
