id,pred_rep_0_fold0,pred_rep_0_fold1,pred_rep_0_fold2,pred_rep_0_fold3,pred_rep_0_fold4,pred_rep_1_fold0,pred_rep_1_fold1,pred_rep_1_fold2,pred_rep_1_fold3,pred_rep_1_fold4,pred_rep_2_fold0,pred_rep_2_fold1,pred_rep_2_fold2,pred_rep_2_fold3,pred_rep_2_fold4
c0f722661,-0.4831542969,-0.4460449219,-0.5493164062,-0.4926757812,-0.6674804688,-0.7524414062,-0.6137695312,-0.6157226562,-0.5668945312,-0.5952148438,-0.2308349609,-0.6752929688,-0.7006835938,-0.4575195312,-0.4916992188
f0953f0a5,-0.9531250000,-0.8417968750,-0.5966796875,-0.8154296875,-0.7021484375,-0.5561523438,-0.6416015625,-0.7597656250,-0.8408203125,-0.8242187500,-0.6967773438,-0.7343750000,-0.6850585938,-0.7934570312,-0.6240234375
0df072751,-0.3569335938,-0.3364257812,-0.4375000000,-0.4458007812,-0.4873046875,-0.3569335938,-0.6250000000,-0.2412109375,-0.4165039062,-0.4650878906,-0.3210449219,-0.4411621094,-0.3166503906,-0.3034667969,-0.2756347656
04caf4e0c,-2.5312500000,-2.4667968750,-2.6855468750,-2.4609375000,-2.3398437500,-2.4843750000,-2.7304687500,-2.6621093750,-2.4824218750,-2.3398437500,-2.2734375000,-2.4589843750,-2.6015625000,-2.4707031250,-2.5664062500
0e63f8bea,-1.9003906250,-1.9394531250,-1.9697265625,-1.5703125000,-1.7304687500,-1.9492187500,-1.8291015625,-1.6357421875,-1.8574218750,-1.7753906250,-1.7851562500,-1.7861328125,-1.8720703125,-1.7470703125,-1.6435546875
12537fe78,-0.9926757812,-1.1630859375,-1.1796875000,-1.1933593750,-1.3193359375,-1.3203125000,-1.1904296875,-0.9941406250,-1.2851562500,-1.3349609375,-1.1035156250,-1.1328125000,-1.0537109375,-1.1689453125,-1.3515625000
965e592c0,0.3654785156,0.3696289062,0.5122070312,0.3125000000,0.2590332031,0.6767578125,0.2663574219,-0.0277252197,0.3559570312,0.3569335938,0.3002929688,0.3417968750,0.3999023438,0.2575683594,0.5249023438
