id,pred_rep_0_fold0,pred_rep_0_fold1,pred_rep_0_fold2,pred_rep_0_fold3,pred_rep_0_fold4,pred_rep_1_fold0,pred_rep_1_fold1,pred_rep_1_fold2,pred_rep_1_fold3,pred_rep_1_fold4,pred_rep_2_fold0,pred_rep_2_fold1,pred_rep_2_fold2,pred_rep_2_fold3,pred_rep_2_fold4
c0f722661,-0.4311523438,-0.6250000000,-0.4401855469,-0.4497070312,-0.3862304688,-0.5209960938,-0.5107421875,-0.3835449219,-0.3378906250,-0.2614746094,-0.3833007812,-0.6811523438,-0.5239257812,-0.4201660156,-0.2673339844
f0953f0a5,-0.6284179688,-0.6142578125,-0.7041015625,-0.6743164062,-0.6933593750,-0.6547851562,-0.4460449219,-0.6528320312,-0.6669921875,-0.7768554688,-0.6391601562,-0.6777343750,-0.9062500000,-0.5522460938,-0.5966796875
0df072751,-0.5654296875,-0.4580078125,-0.6411132812,-0.3083496094,-0.3986816406,-0.3635253906,-0.4311523438,-0.5888671875,-0.5219726562,-0.4082031250,-0.6088867188,-0.4140625000,-0.4567871094,-0.2761230469,-0.4643554688
04caf4e0c,-2.3085937500,-2.4765625000,-2.6855468750,-2.4921875000,-2.5996093750,-2.4667968750,-2.6347656250,-2.4003906250,-2.3437500000,-2.4824218750,-2.3750000000,-2.3261718750,-2.4472656250,-2.5937500000,-2.5234375000
0e63f8bea,-1.7597656250,-1.8867187500,-1.8486328125,-1.4882812500,-1.8417968750,-1.7587890625,-1.6943359375,-1.7285156250,-1.7773437500,-1.8593750000,-1.6435546875,-1.6855468750,-1.8515625000,-1.8613281250,-1.8408203125
12537fe78,-1.0937500000,-1.2041015625,-1.3457031250,-1.2558593750,-1.2851562500,-1.3798828125,-1.2460937500,-1.4394531250,-1.3398437500,-1.2851562500,-1.2695312500,-1.0410156250,-1.3994140625,-1.3574218750,-1.3515625000
965e592c0,0.0894775391,0.0982666016,0.1577148438,0.0910644531,0.0410461426,0.3908691406,0.3713378906,-0.0662231445,0.2111816406,0.0049285889,0.0969848633,0.2500000000,0.0761718750,0.4064941406,-0.0061798096
