id,pred_rep_0_fold0,pred_rep_0_fold1,pred_rep_0_fold2,pred_rep_0_fold3,pred_rep_0_fold4,pred_rep_1_fold0,pred_rep_1_fold1,pred_rep_1_fold2,pred_rep_1_fold3,pred_rep_1_fold4,pred_rep_2_fold0,pred_rep_2_fold1,pred_rep_2_fold2,pred_rep_2_fold3,pred_rep_2_fold4
c0f722661,-0.3266601562,-0.5815429688,-0.3005371094,-0.4724121094,-0.3168945312,-0.6308593750,-0.5283203125,-0.3251953125,-0.3645019531,-0.2246093750,-0.2717285156,-0.5786132812,-0.3935546875,-0.3134765625,-0.3276367188
f0953f0a5,-0.8540039062,-0.5991210938,-0.8374023438,-0.8125000000,-0.7993164062,-0.9003906250,-0.6196289062,-0.7543945312,-0.7050781250,-0.8706054688,-0.8310546875,-0.7050781250,-0.9750976562,-0.6362304688,-0.8041992188
0df072751,-0.4687500000,-0.3454589844,-0.5336914062,-0.3254394531,-0.2425537109,-0.4621582031,-0.4350585938,-0.4411621094,-0.4575195312,-0.2802734375,-0.4411621094,-0.2949218750,-0.3161621094,-0.1730957031,-0.4936523438
04caf4e0c,-2.3242187500,-2.5039062500,-2.6015625000,-2.4492187500,-2.6171875000,-2.5527343750,-2.4960937500,-2.3945312500,-2.5722656250,-2.4531250000,-2.4199218750,-2.2832031250,-2.4277343750,-2.5625000000,-2.4960937500
0e63f8bea,-1.7392578125,-1.8398437500,-1.7119140625,-1.3984375000,-1.7587890625,-1.7402343750,-1.7031250000,-1.6933593750,-1.8974609375,-1.7841796875,-1.5947265625,-1.7148437500,-1.7314453125,-1.7841796875,-1.8564453125
12537fe78,-1.0849609375,-1.2929687500,-1.3017578125,-1.2441406250,-1.2099609375,-1.2978515625,-1.2236328125,-1.4150390625,-1.3457031250,-1.1826171875,-1.1494140625,-1.2587890625,-1.2148437500,-1.3730468750,-1.2695312500
965e592c0,0.0145797729,-0.1260986328,0.0339050293,-0.1184082031,-0.0700073242,0.3059082031,0.2778320312,-0.0836181641,0.2467041016,-0.0330810547,-0.0599060059,0.1243286133,0.0787963867,0.2814941406,-0.0985107422
