id,pred_rep_0_fold0,pred_rep_0_fold1,pred_rep_0_fold2,pred_rep_0_fold3,pred_rep_0_fold4,pred_rep_1_fold0,pred_rep_1_fold1,pred_rep_1_fold2,pred_rep_1_fold3,pred_rep_1_fold4,pred_rep_2_fold0,pred_rep_2_fold1,pred_rep_2_fold2,pred_rep_2_fold3,pred_rep_2_fold4
c0f722661,-0.3359375000,-0.3254394531,-0.2609863281,-0.3666992188,-0.4311523438,-0.3344726562,-0.3469238281,-0.3032226562,-0.4531250000,-0.1810302734,-0.1246337891,-0.4599609375,-0.4152832031,-0.2091064453,-0.2055664062
f0953f0a5,-0.5654296875,-0.4499511719,-0.4948730469,-0.5136718750,-0.5126953125,-0.5131835938,-0.3432617188,-0.3891601562,-0.6210937500,-0.4458007812,-0.5126953125,-0.4030761719,-0.4951171875,-0.5424804688,-0.4338378906
0df072751,-0.4902343750,-0.2998046875,-0.5502929688,-0.4172363281,-0.3188476562,-0.2895507812,-0.4426269531,-0.3937988281,-0.3686523438,-0.2442626953,-0.3483886719,-0.3415527344,-0.2441406250,-0.2080078125,-0.4326171875
04caf4e0c,-2.3925781250,-2.3496093750,-2.7031250000,-2.7695312500,-2.6308593750,-2.3476562500,-2.5683593750,-2.3691406250,-2.6328125000,-2.4707031250,-2.2617187500,-2.5292968750,-2.4648437500,-2.5214843750,-2.7128906250
0e63f8bea,-2.0195312500,-1.8974609375,-1.9062500000,-1.7294921875,-1.9384765625,-1.7939453125,-1.9199218750,-1.8867187500,-2.0761718750,-1.9072265625,-1.7587890625,-1.7724609375,-1.8623046875,-1.8554687500,-1.9755859375
12537fe78,-0.8793945312,-1.1992187500,-0.9370117188,-1.2050781250,-1.1503906250,-1.1474609375,-1.0732421875,-1.0507812500,-1.1142578125,-1.1533203125,-1.1191406250,-1.0576171875,-1.1152343750,-1.2197265625,-1.2978515625
965e592c0,0.3886718750,0.2287597656,0.4252929688,0.1376953125,0.3903808594,0.4719238281,0.2678222656,0.2817382812,0.1647949219,0.2644042969,0.2070312500,0.3059082031,0.4792480469,0.2453613281,0.3381347656
