id,pred_rep_0_fold0,pred_rep_0_fold1,pred_rep_0_fold2,pred_rep_0_fold3,pred_rep_0_fold4,pred_rep_1_fold0,pred_rep_1_fold1,pred_rep_1_fold2,pred_rep_1_fold3,pred_rep_1_fold4,pred_rep_2_fold0,pred_rep_2_fold1,pred_rep_2_fold2,pred_rep_2_fold3,pred_rep_2_fold4
c0f722661,-0.4184570312,-0.4855957031,-0.3859863281,-0.2802734375,-0.3154296875,-0.4650878906,-0.2619628906,-0.3557128906,-0.4687500000,-0.2954101562,-0.1887207031,-0.3481445312,-0.5351562500,-0.3383789062,-0.3378906250
f0953f0a5,-0.3811035156,-0.5869140625,-0.4370117188,-0.5444335938,-0.3608398438,-0.6508789062,-0.3332519531,-0.3557128906,-0.4426269531,-0.6015625000,-0.3754882812,-0.3964843750,-0.7231445312,-0.4067382812,-0.3154296875
0df072751,-0.5112304688,-0.5532226562,-0.4301757812,-0.2775878906,-0.3598632812,-0.3767089844,-0.5439453125,-0.3500976562,-0.4560546875,-0.3610839844,-0.3808593750,-0.3835449219,-0.5268554688,-0.3471679688,-0.3610839844
04caf4e0c,-2.3476562500,-2.4316406250,-2.3945312500,-2.1816406250,-2.3691406250,-2.4101562500,-2.4414062500,-2.0546875000,-2.3710937500,-2.1972656250,-2.2167968750,-2.3281250000,-2.0664062500,-2.1015625000,-2.3554687500
0e63f8bea,-2.0429687500,-1.8701171875,-2.0781250000,-1.6484375000,-1.8642578125,-2.0917968750,-1.8466796875,-1.8593750000,-1.8828125000,-1.8925781250,-1.7998046875,-1.8681640625,-1.8583984375,-1.7353515625,-2.0410156250
12537fe78,-1.0761718750,-1.2832031250,-1.0390625000,-1.0136718750,-1.3515625000,-1.2880859375,-1.0820312500,-0.9350585938,-1.1357421875,-1.0761718750,-1.0966796875,-1.0566406250,-1.0283203125,-1.0664062500,-1.2431640625
965e592c0,0.3608398438,0.2983398438,0.1971435547,0.0986938477,0.7724609375,0.2282714844,0.1839599609,0.0860595703,0.3952636719,0.1078491211,0.2031250000,0.2966308594,-0.0917968750,0.2325439453,0.3115234375
