id,pred_rep_0_fold0,pred_rep_0_fold1,pred_rep_0_fold2,pred_rep_0_fold3,pred_rep_0_fold4,pred_rep_1_fold0,pred_rep_1_fold1,pred_rep_1_fold2,pred_rep_1_fold3,pred_rep_1_fold4,pred_rep_2_fold0,pred_rep_2_fold1,pred_rep_2_fold2,pred_rep_2_fold3,pred_rep_2_fold4
c0f722661,-0.2900390625,-0.4672851562,-0.2418212891,-0.2663574219,-0.3742675781,-0.2182617188,-0.3793945312,-0.3854980469,-0.3659667969,-0.3713378906,-0.2722167969,-0.4875488281,-0.4270019531,-0.1762695312,-0.1887207031
f0953f0a5,-0.5273437500,-0.3254394531,-0.2746582031,-0.2110595703,-0.2551269531,-0.3967285156,-0.1569824219,-0.2805175781,-0.4125976562,-0.1772460938,-0.4069824219,-0.4260253906,-0.4338378906,-0.2800292969,-0.1184692383
0df072751,-0.5068359375,-0.3903808594,-0.4016113281,-0.3061523438,-0.2878417969,-0.2526855469,-0.4543457031,-0.4729003906,-0.3713378906,-0.2998046875,-0.3408203125,-0.4545898438,-0.3681640625,-0.0616455078,-0.4455566406
04caf4e0c,-2.2343750000,-2.0996093750,-2.2519531250,-2.3222656250,-1.8876953125,-2.2949218750,-2.2949218750,-1.9589843750,-2.2207031250,-2.0253906250,-2.2714843750,-2.0332031250,-1.9951171875,-2.1328125000,-2.0273437500
0e63f8bea,-1.9638671875,-1.9794921875,-1.8076171875,-1.7001953125,-1.7685546875,-1.8955078125,-1.9736328125,-1.7724609375,-1.8486328125,-1.6953125000,-1.6718750000,-1.7734375000,-1.7304687500,-1.7978515625,-1.6132812500
12537fe78,-0.9545898438,-0.9394531250,-0.8935546875,-1.0576171875,-1.3349609375,-0.9096679688,-0.9545898438,-0.8823242188,-1.0380859375,-1.1005859375,-1.0380859375,-0.7875976562,-0.8774414062,-0.9169921875,-1.0019531250
965e592c0,0.3261718750,0.3764648438,0.3715820312,0.2802734375,0.3056640625,0.4265136719,0.3012695312,0.4536132812,0.4086914062,0.4335937500,0.2401123047,0.3525390625,0.5239257812,0.3974609375,0.3359375000
