id,pred_rep_0_fold0,pred_rep_0_fold1,pred_rep_0_fold2,pred_rep_0_fold3,pred_rep_0_fold4,pred_rep_1_fold0,pred_rep_1_fold1,pred_rep_1_fold2,pred_rep_1_fold3,pred_rep_1_fold4,pred_rep_2_fold0,pred_rep_2_fold1,pred_rep_2_fold2,pred_rep_2_fold3,pred_rep_2_fold4
c0f722661,-0.5405273438,-0.4748535156,-0.4106445312,-0.4116210938,-0.2902832031,-0.6850585938,-0.3781738281,-0.5219726562,-0.1958007812,-0.2626953125,-0.2161865234,-0.2846679688,-0.4799804688,-0.3105468750,-0.4147949219
f0953f0a5,-0.4394531250,-0.5014648438,-0.3361816406,-0.4599609375,-0.2187500000,-0.5249023438,-0.2175292969,-0.3864746094,-0.4296875000,-0.5488281250,-0.4140625000,-0.3559570312,-0.6123046875,-0.3103027344,-0.3945312500
0df072751,-0.5219726562,-0.3635253906,-0.4506835938,-0.6147460938,-0.2191162109,-0.3251953125,-0.4365234375,-0.3210449219,-0.4045410156,-0.5019531250,-0.4970703125,-0.3398437500,-0.4719238281,-0.3984375000,-0.4216308594
04caf4e0c,-2.2519531250,-2.2480468750,-2.4042968750,-2.1738281250,-2.2480468750,-2.1738281250,-2.2363281250,-2.2968750000,-2.1796875000,-2.1953125000,-2.0957031250,-2.1933593750,-2.1855468750,-2.1367187500,-2.2031250000
0e63f8bea,-1.9882812500,-1.8623046875,-1.8544921875,-1.6777343750,-1.9384765625,-1.9482421875,-1.6474609375,-1.8789062500,-1.8242187500,-1.9677734375,-1.7343750000,-1.7792968750,-1.8232421875,-1.8369140625,-1.9267578125
12537fe78,-1.0556640625,-1.2666015625,-1.1757812500,-1.0859375000,-1.3603515625,-1.2548828125,-1.0078125000,-1.1640625000,-1.1533203125,-1.1718750000,-1.0019531250,-1.0654296875,-1.2919921875,-1.1552734375,-1.2128906250
965e592c0,0.3417968750,0.1649169922,0.3239746094,0.0324401855,0.3176269531,0.4675292969,0.1056518555,0.0780639648,0.2357177734,0.1337890625,0.3071289062,0.3784179688,0.1851806641,0.3149414062,0.4541015625
